{
  "project_info": {
    "project_number": "433806319076",
    "project_id": "tracker-app-18fa9",
    "storage_bucket": "tracker-app-18fa9.appspot.com"
  },
  "client": [
    {
      "client_info": {
        "mobilesdk_app_id": "1:433806319076:android:6ac878588e9236851b3bf1",
        "android_client_info": {
          "package_name": "com.example.chat_app"
        }
      },
      "oauth_client": [],
      "api_key": [
        {
          "current_key": "AIzaSyDBe-D_MfBCKj7syihmYm0oRp7J6u_M9eY"
        }
      ],
      "services": {
        "appinvite_service": {
          "other_platform_oauth_client": []
        }
      }
    },
    {
      "client_info": {
        "mobilesdk_app_id": "1:433806319076:android:77fe020334b94dda1b3bf1",
        "android_client_info": {
          "package_name": "com.example.loing_page"
        }
      },
      "oauth_client": [],
      "api_key": [
        {
          "current_key": "AIzaSyDBe-D_MfBCKj7syihmYm0oRp7J6u_M9eY"
        }
      ],
      "services": {
        "appinvite_service": {
          "other_platform_oauth_client": []
        }
      }
    },
    {
      "client_info": {
        "mobilesdk_app_id": "1:433806319076:android:3c6db92495d475d61b3bf1",
        "android_client_info": {
          "package_name": "com.example.tracker_app"
        }
      },
      "oauth_client": [],
      "api_key": [
        {
          "current_key": "AIzaSyDBe-D_MfBCKj7syihmYm0oRp7J6u_M9eY"
        }
      ],
      "services": {
        "appinvite_service": {
          "other_platform_oauth_client": []
        }
      }
    },
    {
      "client_info": {
        "mobilesdk_app_id": "1:433806319076:android:26406e85b29205f01b3bf1",
        "android_client_info": {
          "package_name": "com.example.tracking_app"
        }
      },
      "oauth_client": [],
      "api_key": [
        {
          "current_key": "AIzaSyDBe-D_MfBCKj7syihmYm0oRp7J6u_M9eY"
        }
      ],
      "services": {
        "appinvite_service": {
          "other_platform_oauth_client": []
        }
      }
    }
  ],
  "configuration_version": "1"
}